[ {
  "id" : "042a84c4-4d20-4322-9d28-f53d28c549dc",
  "origin" : "INFOTNISTRUZIONE",
  "extId" : "7694888",
  "creationDate" : null,
  "lastUpdate" : null,
  "studentId" : "497720b4-99e0-4809-912f-2a38b737b2b7",
  "instituteId" : "6246e755-cd2b-423a-82fc-6c13ef238052",
  "courseId" : "df9e43ef-1472-4d14-a242-42337f3b6e78",
  "schoolYear" : "2017-18",
  "dateFrom" : 1504216800000,
  "dateTo" : 1535666400000,
  "course" : "VITICOLTURA ED ENOLOGIA",
  "classroom" : "3VE"
}, {
  "id" : "071b5443-aff2-4f74-a5f7-bd41619bd674",
  "origin" : "INFOTNISTRUZIONE",
  "extId" : "7449390",
  "creationDate" : null,
  "lastUpdate" : null,
  "studentId" : "a0d9f93f-94df-414e-9061-cc26c97324f7",
  "instituteId" : "6246e755-cd2b-423a-82fc-6c13ef238052",
  "courseId" : "df9e43ef-1472-4d14-a242-42337f3b6e78",
  "schoolYear" : "2017-18",
  "dateFrom" : 1504216800000,
  "dateTo" : 1535666400000,
  "course" : "VITICOLTURA ED ENOLOGIA",
  "classroom" : "4VE"
}, {
  "id" : "12a16aa5-a6b7-4433-ab52-2f3b193d9f29",
  "origin" : "INFOTNISTRUZIONE",
  "extId" : "7449394",
  "creationDate" : null,
  "lastUpdate" : null,
  "studentId" : "432ee476-9557-45a4-a65e-947cee96f846",
  "instituteId" : "6246e755-cd2b-423a-82fc-6c13ef238052",
  "courseId" : "df9e43ef-1472-4d14-a242-42337f3b6e78",
  "schoolYear" : "2017-18",
  "dateFrom" : 1504216800000,
  "dateTo" : 1535666400000,
  "course" : "VITICOLTURA ED ENOLOGIA",
  "classroom" : "5VE"
}, {
  "id" : "202d1a2e-7415-47f1-a5f6-9c705db9c892",
  "origin" : "INFOTNISTRUZIONE",
  "extId" : "7449370",
  "creationDate" : null,
  "lastUpdate" : null,
  "studentId" : "cf14919d-2500-45d9-b0f9-239334cf7abc",
  "instituteId" : "6246e755-cd2b-423a-82fc-6c13ef238052",
  "courseId" : "df9e43ef-1472-4d14-a242-42337f3b6e78",
  "schoolYear" : "2017-18",
  "dateFrom" : 1504216800000,
  "dateTo" : 1535666400000,
  "course" : "VITICOLTURA ED ENOLOGIA",
  "classroom" : "3VE"
}, {
  "id" : "4380d58d-11c0-42a5-9b69-277ca659d39a",
  "origin" : "INFOTNISTRUZIONE",
  "extId" : "7449377",
  "creationDate" : null,
  "lastUpdate" : null,
  "studentId" : "c5ac8054-cc71-4e94-ad98-436964fddabe",
  "instituteId" : "6246e755-cd2b-423a-82fc-6c13ef238052",
  "courseId" : "df9e43ef-1472-4d14-a242-42337f3b6e78",
  "schoolYear" : "2017-18",
  "dateFrom" : 1504216800000,
  "dateTo" : 1535666400000,
  "course" : "VITICOLTURA ED ENOLOGIA",
  "classroom" : "4VE"
}, {
  "id" : "4def551a-f2e7-4d0c-9ec5-fe1ec2fc9a1a",
  "origin" : "INFOTNISTRUZIONE",
  "extId" : "7449387",
  "creationDate" : null,
  "lastUpdate" : null,
  "studentId" : "a77ef969-44ad-484c-88c2-486a9e1bf9a1",
  "instituteId" : "6246e755-cd2b-423a-82fc-6c13ef238052",
  "courseId" : "df9e43ef-1472-4d14-a242-42337f3b6e78",
  "schoolYear" : "2017-18",
  "dateFrom" : 1504216800000,
  "dateTo" : 1535666400000,
  "course" : "VITICOLTURA ED ENOLOGIA",
  "classroom" : "5VE"
}, {
  "id" : "5b9a9269-febe-4fae-9184-2ff65d6d2d29",
  "origin" : "INFOTNISTRUZIONE",
  "extId" : "7449392",
  "creationDate" : null,
  "lastUpdate" : null,
  "studentId" : "a6bce3ca-419e-4827-9d9e-d24c44a7535b",
  "instituteId" : "6246e755-cd2b-423a-82fc-6c13ef238052",
  "courseId" : "df9e43ef-1472-4d14-a242-42337f3b6e78",
  "schoolYear" : "2017-18",
  "dateFrom" : 1504216800000,
  "dateTo" : 1535666400000,
  "course" : "VITICOLTURA ED ENOLOGIA",
  "classroom" : "3VE"
}, {
  "id" : "743b8c59-4b91-4a8b-bf4d-692fe8f77f5f",
  "origin" : "INFOTNISTRUZIONE",
  "extId" : "7449372",
  "creationDate" : null,
  "lastUpdate" : null,
  "studentId" : "39761dc5-7432-472a-9f74-8107fd0ada5e",
  "instituteId" : "6246e755-cd2b-423a-82fc-6c13ef238052",
  "courseId" : "df9e43ef-1472-4d14-a242-42337f3b6e78",
  "schoolYear" : "2017-18",
  "dateFrom" : 1504216800000,
  "dateTo" : 1535666400000,
  "course" : "VITICOLTURA ED ENOLOGIA",
  "classroom" : "4VE"
}, {
  "id" : "7631b630-6c88-4030-8483-61443567ff81",
  "origin" : "INFOTNISTRUZIONE",
  "extId" : "7449391",
  "creationDate" : null,
  "lastUpdate" : null,
  "studentId" : "2e020792-3fc6-4b8a-8227-01c3eb74feac",
  "instituteId" : "6246e755-cd2b-423a-82fc-6c13ef238052",
  "courseId" : "df9e43ef-1472-4d14-a242-42337f3b6e78",
  "schoolYear" : "2017-18",
  "dateFrom" : 1504216800000,
  "dateTo" : 1535666400000,
  "course" : "VITICOLTURA ED ENOLOGIA",
  "classroom" : "5VE"
}, {
  "id" : "9219d608-0a5f-42b4-82a8-c3dbfb4f61ea",
  "origin" : "INFOTNISTRUZIONE",
  "extId" : "7449375",
  "creationDate" : null,
  "lastUpdate" : null,
  "studentId" : "b551ab6a-72d8-4fd7-a240-de238d652afb",
  "instituteId" : "6246e755-cd2b-423a-82fc-6c13ef238052",
  "courseId" : "df9e43ef-1472-4d14-a242-42337f3b6e78",
  "schoolYear" : "2017-18",
  "dateFrom" : 1504216800000,
  "dateTo" : 1535666400000,
  "course" : "VITICOLTURA ED ENOLOGIA",
  "classroom" : "3VE"
}, {
  "id" : "933df737-b1a3-47cb-b8c1-3b2d720c95a9",
  "origin" : "INFOTNISTRUZIONE",
  "extId" : "7449379",
  "creationDate" : null,
  "lastUpdate" : null,
  "studentId" : "b75e55dd-a849-4966-8fec-c76596f89802",
  "instituteId" : "6246e755-cd2b-423a-82fc-6c13ef238052",
  "courseId" : "df9e43ef-1472-4d14-a242-42337f3b6e78",
  "schoolYear" : "2017-18",
  "dateFrom" : 1504216800000,
  "dateTo" : 1535666400000,
  "course" : "VITICOLTURA ED ENOLOGIA",
  "classroom" : "4VE"
}, {
  "id" : "939663dd-734a-4999-812e-93ab69256003",
  "origin" : "INFOTNISTRUZIONE",
  "extId" : "7449371",
  "creationDate" : null,
  "lastUpdate" : null,
  "studentId" : "d7aaeba6-d7af-47bb-a031-c4194c9c4a5b",
  "instituteId" : "6246e755-cd2b-423a-82fc-6c13ef238052",
  "courseId" : "df9e43ef-1472-4d14-a242-42337f3b6e78",
  "schoolYear" : "2017-18",
  "dateFrom" : 1504216800000,
  "dateTo" : 1535666400000,
  "course" : "VITICOLTURA ED ENOLOGIA",
  "classroom" : "5VE"
}, {
  "id" : "9e431460-23c0-4316-9e1d-6d08331aa882",
  "origin" : "INFOTNISTRUZIONE",
  "extId" : "7449383",
  "creationDate" : null,
  "lastUpdate" : null,
  "studentId" : "d07487be-7981-4acf-b872-b89fa877a364",
  "instituteId" : "6246e755-cd2b-423a-82fc-6c13ef238052",
  "courseId" : "df9e43ef-1472-4d14-a242-42337f3b6e78",
  "schoolYear" : "2017-18",
  "dateFrom" : 1504216800000,
  "dateTo" : 1535666400000,
  "course" : "VITICOLTURA ED ENOLOGIA",
  "classroom" : "3VE"
}, {
  "id" : "abf60b69-fd83-498e-9241-a5356d03095e",
  "origin" : "INFOTNISTRUZIONE",
  "extId" : "7449389",
  "creationDate" : null,
  "lastUpdate" : null,
  "studentId" : "5eb9396e-4d78-4c65-ac00-4c0fd47837be",
  "instituteId" : "6246e755-cd2b-423a-82fc-6c13ef238052",
  "courseId" : "df9e43ef-1472-4d14-a242-42337f3b6e78",
  "schoolYear" : "2017-18",
  "dateFrom" : 1504216800000,
  "dateTo" : 1535666400000,
  "course" : "VITICOLTURA ED ENOLOGIA",
  "classroom" : "4VE"
}, {
  "id" : "adbf46f9-f6eb-48de-9f24-cf49c2322e10",
  "origin" : "INFOTNISTRUZIONE",
  "extId" : "7449386",
  "creationDate" : null,
  "lastUpdate" : null,
  "studentId" : "6393a6d0-27c7-4f8d-b443-ee773d4cc9e2",
  "instituteId" : "6246e755-cd2b-423a-82fc-6c13ef238052",
  "courseId" : "df9e43ef-1472-4d14-a242-42337f3b6e78",
  "schoolYear" : "2017-18",
  "dateFrom" : 1504216800000,
  "dateTo" : 1535666400000,
  "course" : "VITICOLTURA ED ENOLOGIA",
  "classroom" : "5VE"
}, {
  "id" : "c4132fb2-d917-4739-89ca-32a7fc5f8e87",
  "origin" : "INFOTNISTRUZIONE",
  "extId" : "7449385",
  "creationDate" : null,
  "lastUpdate" : null,
  "studentId" : "737fded3-63b1-488a-af55-bd5762faf523",
  "instituteId" : "6246e755-cd2b-423a-82fc-6c13ef238052",
  "courseId" : "df9e43ef-1472-4d14-a242-42337f3b6e78",
  "schoolYear" : "2017-18",
  "dateFrom" : 1504216800000,
  "dateTo" : 1535666400000,
  "course" : "VITICOLTURA ED ENOLOGIA",
  "classroom" : "3VE"
}, {
  "id" : "c5bfe36d-4155-48e2-85ce-e9a094c4169d",
  "origin" : "INFOTNISTRUZIONE",
  "extId" : "7694557",
  "creationDate" : null,
  "lastUpdate" : null,
  "studentId" : "656a8d82-423f-493e-94b2-8bec2cc24e09",
  "instituteId" : "6246e755-cd2b-423a-82fc-6c13ef238052",
  "courseId" : "df9e43ef-1472-4d14-a242-42337f3b6e78",
  "schoolYear" : "2017-18",
  "dateFrom" : 1504216800000,
  "dateTo" : 1535666400000,
  "course" : "VITICOLTURA ED ENOLOGIA",
  "classroom" : "4VE"
}, {
  "id" : "d19c335e-634a-4f34-b4df-4e1bf35d98a4",
  "origin" : "INFOTNISTRUZIONE",
  "extId" : "7449373",
  "creationDate" : null,
  "lastUpdate" : null,
  "studentId" : "8292389a-c8a4-4ba2-984c-a1d95161d71d",
  "instituteId" : "6246e755-cd2b-423a-82fc-6c13ef238052",
  "courseId" : "df9e43ef-1472-4d14-a242-42337f3b6e78",
  "schoolYear" : "2017-18",
  "dateFrom" : 1504216800000,
  "dateTo" : 1535666400000,
  "course" : "VITICOLTURA ED ENOLOGIA",
  "classroom" : "5VE"
}, {
  "id" : "d3e43921-084d-4671-b7bf-8d9a89e6bfec",
  "origin" : "INFOTNISTRUZIONE",
  "extId" : "7449378",
  "creationDate" : null,
  "lastUpdate" : null,
  "studentId" : "2f09b875-90bb-4cfa-a794-f2fb3d02dec6",
  "instituteId" : "6246e755-cd2b-423a-82fc-6c13ef238052",
  "courseId" : "df9e43ef-1472-4d14-a242-42337f3b6e78",
  "schoolYear" : "2017-18",
  "dateFrom" : 1504216800000,
  "dateTo" : 1535666400000,
  "course" : "VITICOLTURA ED ENOLOGIA",
  "classroom" : "3VE"
}, {
  "id" : "d97861d1-0b67-4d26-a014-89dbf64bba5c",
  "origin" : "INFOTNISTRUZIONE",
  "extId" : "7449381",
  "creationDate" : null,
  "lastUpdate" : null,
  "studentId" : "32f83850-5e0c-436c-916b-c9e1eea14fff",
  "instituteId" : "6246e755-cd2b-423a-82fc-6c13ef238052",
  "courseId" : "df9e43ef-1472-4d14-a242-42337f3b6e78",
  "schoolYear" : "2017-18",
  "dateFrom" : 1504216800000,
  "dateTo" : 1535666400000,
  "course" : "VITICOLTURA ED ENOLOGIA",
  "classroom" : "4VE"
}, {
  "id" : "eb3265e8-428f-426b-a103-d19a649dc979",
  "origin" : "INFOTNISTRUZIONE",
  "extId" : "7694558",
  "creationDate" : null,
  "lastUpdate" : null,
  "studentId" : "c6eb4c51-a047-46f0-8e61-051a727a2d40",
  "instituteId" : "6246e755-cd2b-423a-82fc-6c13ef238052",
  "courseId" : "df9e43ef-1472-4d14-a242-42337f3b6e78",
  "schoolYear" : "2017-18",
  "dateFrom" : 1504216800000,
  "dateTo" : 1535666400000,
  "course" : "VITICOLTURA ED ENOLOGIA",
  "classroom" : "5VE"
}, {
  "id" : "eeaa1a19-b054-40fd-b6ad-aff415854377",
  "origin" : "INFOTNISTRUZIONE",
  "extId" : "7449376",
  "creationDate" : null,
  "lastUpdate" : null,
  "studentId" : "b59695f4-d94d-4b9e-b297-07f465cbd951",
  "instituteId" : "6246e755-cd2b-423a-82fc-6c13ef238052",
  "courseId" : "df9e43ef-1472-4d14-a242-42337f3b6e78",
  "schoolYear" : "2017-18",
  "dateFrom" : 1504216800000,
  "dateTo" : 1535666400000,
  "course" : "VITICOLTURA ED ENOLOGIA",
  "classroom" : "3VE"
}, {
  "id" : "ef8c79e7-d860-40a3-b51f-421c6205a74a",
  "origin" : "INFOTNISTRUZIONE",
  "extId" : "7449388",
  "creationDate" : null,
  "lastUpdate" : null,
  "studentId" : "1b3abe0e-d4d5-42cf-a3fe-3a39c58206ba",
  "instituteId" : "6246e755-cd2b-423a-82fc-6c13ef238052",
  "courseId" : "df9e43ef-1472-4d14-a242-42337f3b6e78",
  "schoolYear" : "2017-18",
  "dateFrom" : 1504216800000,
  "dateTo" : 1535666400000,
  "course" : "VITICOLTURA ED ENOLOGIA",
  "classroom" : "4VE"
}, {
  "id" : "f57acc90-f51e-463c-9951-e99f7082d109",
  "origin" : "INFOTNISTRUZIONE",
  "extId" : "7449384",
  "creationDate" : null,
  "lastUpdate" : null,
  "studentId" : "e85e4144-eb22-467a-b7f1-6d64c34cff29",
  "instituteId" : "6246e755-cd2b-423a-82fc-6c13ef238052",
  "courseId" : "df9e43ef-1472-4d14-a242-42337f3b6e78",
  "schoolYear" : "2017-18",
  "dateFrom" : 1504216800000,
  "dateTo" : 1535666400000,
  "course" : "VITICOLTURA ED ENOLOGIA",
  "classroom" : "5VE"
} ]