[ {
  "id" : "1b3abe0e-d4d5-42cf-a3fe-3a39c58206ba",
  "name" : "GOECUMU",
  "surname" : "SELTURO",
  "classroom" : "4VE",
  "annoCorso" : 4,
  "cf" : "SLTGCM99L04L378R"
}, {
  "id" : "2e020792-3fc6-4b8a-8227-01c3eb74feac",
  "name" : "FRENCISCU",
  "surname" : "TUMESUNO",
  "classroom" : "5VE",
  "annoCorso" : 5,
  "cf" : "TMSFNC99P08H612P"
}, {
  "id" : "2f09b875-90bb-4cfa-a794-f2fb3d02dec6",
  "name" : "ELISSOU",
  "surname" : "FURTO",
  "classroom" : "3VE",
  "annoCorso" : 3,
  "cf" : "FRTLSS99H09L378P"
}, {
  "id" : "32f83850-5e0c-436c-916b-c9e1eea14fff",
  "name" : "CHROSTOEN",
  "surname" : "PENCHIRO",
  "classroom" : "4VE",
  "annoCorso" : 4,
  "cf" : "PNCCRS99C20L378B"
}, {
  "id" : "39761dc5-7432-472a-9f74-8107fd0ada5e",
  "name" : "ERUNNI",
  "surname" : "CENDILE",
  "classroom" : "4VE",
  "annoCorso" : 4,
  "cf" : "CNDRNN98S02L378J"
}, {
  "id" : "432ee476-9557-45a4-a65e-947cee96f846",
  "name" : "LIUNERDU",
  "surname" : "ZALBIRTO",
  "classroom" : "5VE",
  "annoCorso" : 5,
  "cf" : "ZLBLRD99T11L174Y"
}, {
  "id" : "497720b4-99e0-4809-912f-2a38b737b2b7",
  "name" : "ORINI",
  "surname" : "STENGE",
  "classroom" : "3VE",
  "annoCorso" : 3,
  "cf" : "STNRNI98D57H330Q"
}, {
  "id" : "5eb9396e-4d78-4c65-ac00-4c0fd47837be",
  "name" : "ELISSENDRU",
  "surname" : "SCUTUNO",
  "classroom" : "4VE",
  "annoCorso" : 4,
  "cf" : "SCTLSN99E22L378Y"
}, {
  "id" : "6393a6d0-27c7-4f8d-b443-ee773d4cc9e2",
  "name" : "MERCU",
  "surname" : "PUSTEL",
  "classroom" : "5VE",
  "annoCorso" : 5,
  "cf" : "PSTMRC98H25C794Z"
}, {
  "id" : "656a8d82-423f-493e-94b2-8bec2cc24e09",
  "name" : "LACE",
  "surname" : "MUSIR",
  "classroom" : "4VE",
  "annoCorso" : 4,
  "cf" : "MSRLCU98S18L378D"
}, {
  "id" : "737fded3-63b1-488a-af55-bd5762faf523",
  "name" : "METTIU",
  "surname" : "POCHLIR",
  "classroom" : "3VE",
  "annoCorso" : 3,
  "cf" : "PCHMTT99B01L378L"
}, {
  "id" : "8292389a-c8a4-4ba2-984c-a1d95161d71d",
  "name" : "VOTU ENDRIE",
  "surname" : "CEPPILLU",
  "classroom" : "5VE",
  "annoCorso" : 5,
  "cf" : "CPPVND99T30H330D"
}, {
  "id" : "a0d9f93f-94df-414e-9061-cc26c97324f7",
  "name" : "DEVODI",
  "surname" : "TEOT",
  "classroom" : "4VE",
  "annoCorso" : 4,
  "cf" : "TTADVD99P29L378U"
}, {
  "id" : "a6bce3ca-419e-4827-9d9e-d24c44a7535b",
  "name" : "GOUNE",
  "surname" : "VITTURO",
  "classroom" : "3VE",
  "annoCorso" : 3,
  "cf" : "VTTGNI99C30C794X"
}, {
  "id" : "a77ef969-44ad-484c-88c2-486a9e1bf9a1",
  "name" : "MORKU",
  "surname" : "REVEGNO",
  "classroom" : "5VE",
  "annoCorso" : 5,
  "cf" : "RVGMRK97R11L378Z"
}, {
  "id" : "b551ab6a-72d8-4fd7-a240-de238d652afb",
  "name" : "FOLOPPU",
  "surname" : "DILLEO",
  "classroom" : "3VE",
  "annoCorso" : 3,
  "cf" : "DLLFPP99T20L378G"
}, {
  "id" : "b59695f4-d94d-4b9e-b297-07f465cbd951",
  "name" : "STIFENU",
  "surname" : "INDROZZO",
  "classroom" : "3VE",
  "annoCorso" : 3,
  "cf" : "NDRSFN99E11L378D"
}, {
  "id" : "b75e55dd-a849-4966-8fec-c76596f89802",
  "name" : "ENDRIE",
  "surname" : "MENFOULITTO",
  "classroom" : "4VE",
  "annoCorso" : 4,
  "cf" : "MNFNDR99B18L378T"
}, {
  "id" : "c5ac8054-cc71-4e94-ad98-436964fddabe",
  "name" : "DENOILI",
  "surname" : "FECONILLO",
  "classroom" : "4VE",
  "annoCorso" : 4,
  "cf" : "FCNDNL99C09C794G"
}, {
  "id" : "c6eb4c51-a047-46f0-8e61-051a727a2d40",
  "name" : "METTOE",
  "surname" : "PIDRO",
  "classroom" : "5VE",
  "annoCorso" : 5,
  "cf" : "PDRMTT97C16L378W"
}, {
  "id" : "cf14919d-2500-45d9-b0f9-239334cf7abc",
  "name" : "LIUNERDU",
  "surname" : "BRAGNERE",
  "classroom" : "3VE",
  "annoCorso" : 3,
  "cf" : "BRGLRD99L07L378T"
}, {
  "id" : "d07487be-7981-4acf-b872-b89fa877a364",
  "name" : "MORCU",
  "surname" : "PIDIGENO",
  "classroom" : "3VE",
  "annoCorso" : 3,
  "cf" : "PDGMRC99S01L378Z"
}, {
  "id" : "d7aaeba6-d7af-47bb-a031-c4194c9c4a5b",
  "name" : "SUFOE",
  "surname" : "CELLOERO",
  "classroom" : "5VE",
  "annoCorso" : 5,
  "cf" : "CLLSFO99H55H612C"
}, {
  "id" : "e85e4144-eb22-467a-b7f1-6d64c34cff29",
  "name" : "GOALOE DUROENE",
  "surname" : "POCCULO",
  "classroom" : "5VE",
  "annoCorso" : 5,
  "cf" : "PCCGDR99D56L378L"
} ]